[{"result":"X","history":[{"player":"X","row":1,"col":2,"boardState":[["","",""],["","","X"],["","",""]]},{"player":"O","row":2,"col":0,"boardState":[["","",""],["","","X"],["O","",""]]},{"player":"X","row":1,"col":1,"boardState":[["","",""],["","X","X"],["O","",""]]},{"player":"O","row":1,"col":0,"boardState":[["","",""],["O","X","X"],["O","",""]]},{"player":"X","row":0,"col":0,"boardState":[["X","",""],["O","X","X"],["O","",""]]},{"player":"O","row":2,"col":1,"boardState":[["X","",""],["O","X","X"],["O","O",""]]},{"player":"X","row":2,"col":2,"boardState":[["X","",""],["O","X","X"],["O","O","X"]]}]},{"result":"X","history":[{"player":"X","row":2,"col":0,"boardState":[["","",""],["","",""],["X","",""]]},{"player":"O","row":1,"col":2,"boardState":[["","",""],["","","O"],["X","",""]]},{"player":"X","row":1,"col":1,"boardState":[["","",""],["","X","O"],["X","",""]]},{"player":"O","row":2,"col":2,"boardState":[["","",""],["","X","O"],["X","","O"]]},{"player":"X","row":0,"col":2,"boardState":[["","","X"],["","X","O"],["X","","O"]]}]},{"result":"Draw","history":[{"player":"X","row":1,"col":1,"boardState":[["","",""],["","X",""],["","",""]]},{"player":"O","row":1,"col":0,"boardState":[["","",""],["O","X",""],["","",""]]},{"player":"X","row":0,"col":1,"boardState":[["","X",""],["O","X",""],["","",""]]},{"player":"O","row":0,"col":0,"boardState":[["O","X",""],["O","X",""],["","",""]]},{"player":"X","row":2,"col":0,"boardState":[["O","X",""],["O","X",""],["X","",""]]},{"player":"O","row":0,"col":2,"boardState":[["O","X","O"],["O","X",""],["X","",""]]},{"player":"X","row":2,"col":2,"boardState":[["O","X","O"],["O","X",""],["X","","X"]]},{"player":"O","row":2,"col":1,"boardState":[["O","X","O"],["O","X",""],["X","O","X"]]},{"player":"X","row":1,"col":2,"boardState":[["O","X","O"],["O","X","X"],["X","O","X"]]}]},{"result":"X","history":[{"player":"X","row":2,"col":0,"boardState":[["","",""],["","",""],["X","",""]]},{"player":"O","row":1,"col":1,"boardState":[["","",""],["","O",""],["X","",""]]},{"player":"X","row":2,"col":1,"boardState":[["","",""],["","O",""],["X","X",""]]},{"player":"O","row":0,"col":2,"boardState":[["","","O"],["","O",""],["X","X",""]]},{"player":"X","row":2,"col":2,"boardState":[["","","O"],["","O",""],["X","X","X"]]}]},{"result":"X","history":[{"player":"X","row":2,"col":0,"boardState":[["","",""],["","",""],["X","",""]]},{"player":"O","row":0,"col":1,"boardState":[["","O",""],["","",""],["X","",""]]},{"player":"X","row":2,"col":1,"boardState":[["","O",""],["","",""],["X","X",""]]},{"player":"O","row":1,"col":2,"boardState":[["","O",""],["","","O"],["X","X",""]]},{"player":"X","row":2,"col":2,"boardState":[["","O",""],["","","O"],["X","X","X"]]}]},{"result":"Draw","history":[{"player":"X","row":2,"col":0,"boardState":[["","",""],["","",""],["X","",""]]},{"player":"O","row":2,"col":1,"boardState":[["","",""],["","",""],["X","O",""]]},{"player":"X","row":2,"col":2,"boardState":[["","",""],["","",""],["X","O","X"]]},{"player":"O","row":1,"col":1,"boardState":[["","",""],["","O",""],["X","O","X"]]},{"player":"X","row":0,"col":1,"boardState":[["","X",""],["","O",""],["X","O","X"]]},{"player":"O","row":1,"col":2,"boardState":[["","X",""],["","O","O"],["X","O","X"]]},{"player":"X","row":1,"col":0,"boardState":[["","X",""],["X","O","O"],["X","O","X"]]},{"player":"O","row":0,"col":0,"boardState":[["O","X",""],["X","O","O"],["X","O","X"]]},{"player":"X","row":0,"col":2,"boardState":[["O","X","X"],["X","O","O"],["X","O","X"]]}]},{"result":"X","history":[{"player":"X","row":1,"col":0,"boardState":[["","",""],["X","",""],["","",""]]},{"player":"O","row":0,"col":1,"boardState":[["","O",""],["X","",""],["","",""]]},{"player":"X","row":0,"col":0,"boardState":[["X","O",""],["X","",""],["","",""]]},{"player":"O","row":2,"col":1,"boardState":[["X","O",""],["X","",""],["","O",""]]},{"player":"X","row":1,"col":1,"boardState":[["X","O",""],["X","X",""],["","O",""]]},{"player":"O","row":2,"col":0,"boardState":[["X","O",""],["X","X",""],["O","O",""]]},{"player":"X","row":2,"col":2,"boardState":[["X","O",""],["X","X",""],["O","O","X"]]}]},{"result":"X","history":[{"player":"X","row":0,"col":2,"boardState":[["","","X"],["","",""],["","",""]]},{"player":"O","row":0,"col":1,"boardState":[["","O","X"],["","",""],["","",""]]},{"player":"X","row":1,"col":1,"boardState":[["","O","X"],["","X",""],["","",""]]},{"player":"O","row":2,"col":0,"boardState":[["","O","X"],["","X",""],["O","",""]]},{"player":"X","row":2,"col":1,"boardState":[["","O","X"],["","X",""],["O","X",""]]},{"player":"O","row":1,"col":2,"boardState":[["","O","X"],["","X","O"],["O","X",""]]},{"player":"X","row":2,"col":2,"boardState":[["","O","X"],["","X","O"],["O","X","X"]]},{"player":"O","row":1,"col":0,"boardState":[["","O","X"],["O","X","O"],["O","X","X"]]},{"player":"X","row":0,"col":0,"boardState":[["X","O","X"],["O","X","O"],["O","X","X"]]}]},{"result":"X","history":[{"player":"X","row":2,"col":0,"boardState":[["","",""],["","",""],["X","",""]]},{"player":"O","row":1,"col":2,"boardState":[["","",""],["","","O"],["X","",""]]},{"player":"X","row":1,"col":1,"boardState":[["","",""],["","X","O"],["X","",""]]},{"player":"O","row":0,"col":2,"boardState":[["","","O"],["","X","O"],["X","",""]]},{"player":"X","row":2,"col":1,"boardState":[["","","O"],["","X","O"],["X","X",""]]},{"player":"O","row":0,"col":1,"boardState":[["","O","O"],["","X","O"],["X","X",""]]},{"player":"X","row":2,"col":2,"boardState":[["","O","O"],["","X","O"],["X","X","X"]]}]},{"result":"Draw","history":[{"player":"X","row":2,"col":0,"boardState":[["","",""],["","",""],["X","",""]]},{"player":"O","row":2,"col":2,"boardState":[["","",""],["","",""],["X","","O"]]},{"player":"X","row":2,"col":1,"boardState":[["","",""],["","",""],["X","X","O"]]},{"player":"O","row":1,"col":1,"boardState":[["","",""],["","O",""],["X","X","O"]]},{"player":"X","row":1,"col":2,"boardState":[["","",""],["","O","X"],["X","X","O"]]},{"player":"O","row":0,"col":2,"boardState":[["","","O"],["","O","X"],["X","X","O"]]},{"player":"X","row":0,"col":0,"boardState":[["X","","O"],["","O","X"],["X","X","O"]]},{"player":"O","row":1,"col":0,"boardState":[["X","","O"],["O","O","X"],["X","X","O"]]},{"player":"X","row":0,"col":1,"boardState":[["X","X","O"],["O","O","X"],["X","X","O"]]}]},{"result":"Draw","history":[{"player":"X","row":2,"col":0,"boardState":[["","",""],["","",""],["X","",""]]},{"player":"O","row":2,"col":2,"boardState":[["","",""],["","",""],["X","","O"]]},{"player":"X","row":1,"col":1,"boardState":[["","",""],["","X",""],["X","","O"]]},{"player":"O","row":0,"col":1,"boardState":[["","O",""],["","X",""],["X","","O"]]},{"player":"X","row":1,"col":2,"boardState":[["","O",""],["","X","X"],["X","","O"]]},{"player":"O","row":1,"col":0,"boardState":[["","O",""],["O","X","X"],["X","","O"]]},{"player":"X","row":0,"col":0,"boardState":[["X","O",""],["O","X","X"],["X","","O"]]},{"player":"O","row":0,"col":2,"boardState":[["X","O","O"],["O","X","X"],["X","","O"]]},{"player":"X","row":2,"col":1,"boardState":[["X","O","O"],["O","X","X"],["X","X","O"]]}]},{"result":"X","history":[{"player":"X","row":2,"col":1,"boardState":[["","",""],["","",""],["","X",""]]},{"player":"O","row":1,"col":0,"boardState":[["","",""],["O","",""],["","X",""]]},{"player":"X","row":1,"col":1,"boardState":[["","",""],["O","X",""],["","X",""]]},{"player":"O","row":2,"col":2,"boardState":[["","",""],["O","X",""],["","X","O"]]},{"player":"X","row":0,"col":1,"boardState":[["","X",""],["O","X",""],["","X","O"]]}]},{"result":"X","history":[{"player":"X","row":2,"col":1,"boardState":[["","",""],["","",""],["","X",""]]},{"player":"O","row":2,"col":2,"boardState":[["","",""],["","",""],["","X","O"]]},{"player":"X","row":1,"col":1,"boardState":[["","",""],["","X",""],["","X","O"]]},{"player":"O","row":0,"col":1,"boardState":[["","O",""],["","X",""],["","X","O"]]},{"player":"X","row":1,"col":2,"boardState":[["","O",""],["","X","X"],["","X","O"]]},{"player":"O","row":0,"col":0,"boardState":[["O","O",""],["","X","X"],["","X","O"]]},{"player":"X","row":0,"col":2,"boardState":[["O","O","X"],["","X","X"],["","X","O"]]},{"player":"O","row":1,"col":0,"boardState":[["O","O","X"],["O","X","X"],["","X","O"]]},{"player":"X","row":2,"col":0,"boardState":[["O","O","X"],["O","X","X"],["X","X","O"]]}]},{"result":"X","history":[{"player":"X","row":2,"col":0,"boardState":[["","",""],["","",""],["X","",""]]},{"player":"O","row":1,"col":0,"boardState":[["","",""],["O","",""],["X","",""]]},{"player":"X","row":1,"col":1,"boardState":[["","",""],["O","X",""],["X","",""]]},{"player":"O","row":2,"col":2,"boardState":[["","",""],["O","X",""],["X","","O"]]},{"player":"X","row":0,"col":2,"boardState":[["","","X"],["O","X",""],["X","","O"]]}]},{"result":"X","history":[{"player":"X","row":2,"col":2,"boardState":[["","",""],["","",""],["","","X"]]},{"player":"O","row":2,"col":1,"boardState":[["","",""],["","",""],["","O","X"]]},{"player":"X","row":1,"col":1,"boardState":[["","",""],["","X",""],["","O","X"]]},{"player":"O","row":1,"col":0,"boardState":[["","",""],["O","X",""],["","O","X"]]},{"player":"X","row":0,"col":0,"boardState":[["X","",""],["O","X",""],["","O","X"]]}]},{"result":"X","history":[{"player":"X","row":1,"col":1,"boardState":[["","",""],["","X",""],["","",""]]},{"player":"O","row":1,"col":2,"boardState":[["","",""],["","X","O"],["","",""]]},{"player":"X","row":2,"col":1,"boardState":[["","",""],["","X","O"],["","X",""]]},{"player":"O","row":2,"col":0,"boardState":[["","",""],["","X","O"],["O","X",""]]},{"player":"X","row":0,"col":1,"boardState":[["","X",""],["","X","O"],["O","X",""]]}]},{"result":"X","history":[{"player":"X","row":0,"col":2,"boardState":[["","","X"],["","",""],["","",""]]},{"player":"O","row":2,"col":1,"boardState":[["","","X"],["","",""],["","O",""]]},{"player":"X","row":1,"col":2,"boardState":[["","","X"],["","","X"],["","O",""]]},{"player":"O","row":1,"col":0,"boardState":[["","","X"],["O","","X"],["","O",""]]},{"player":"X","row":2,"col":2,"boardState":[["","","X"],["O","","X"],["","O","X"]]}]},{"result":"X","history":[{"player":"X","row":2,"col":0,"boardState":[["","",""],["","",""],["X","",""]]},{"player":"O","row":2,"col":1,"boardState":[["","",""],["","",""],["X","O",""]]},{"player":"X","row":1,"col":1,"boardState":[["","",""],["","X",""],["X","O",""]]},{"player":"O","row":0,"col":1,"boardState":[["","O",""],["","X",""],["X","O",""]]},{"player":"X","row":0,"col":2,"boardState":[["","O","X"],["","X",""],["X","O",""]]}]},{"result":"X","history":[{"player":"X","row":0,"col":0,"boardState":[["X","",""],["","",""],["","",""]]},{"player":"O","row":1,"col":0,"boardState":[["X","",""],["O","",""],["","",""]]},{"player":"X","row":1,"col":1,"boardState":[["X","",""],["O","X",""],["","",""]]},{"player":"O","row":1,"col":2,"boardState":[["X","",""],["O","X","O"],["","",""]]},{"player":"X","row":2,"col":2,"boardState":[["X","",""],["O","X","O"],["","","X"]]}]},{"result":"Timeout","history":[]},{"result":"X","history":[{"player":"X","row":2,"col":0,"boardState":[["","",""],["","",""],["X","",""]]},{"player":"O","row":0,"col":0,"boardState":[["O","",""],["","",""],["X","",""]]},{"player":"X","row":1,"col":1,"boardState":[["O","",""],["","X",""],["X","",""]]},{"player":"O","row":2,"col":2,"boardState":[["O","",""],["","X",""],["X","","O"]]},{"player":"X","row":0,"col":1,"boardState":[["O","X",""],["","X",""],["X","","O"]]},{"player":"O","row":2,"col":1,"boardState":[["O","X",""],["","X",""],["X","O","O"]]},{"player":"X","row":1,"col":2,"boardState":[["O","X",""],["","X","X"],["X","O","O"]]},{"player":"O","row":1,"col":0,"boardState":[["O","X",""],["O","X","X"],["X","O","O"]]},{"player":"X","row":0,"col":2,"boardState":[["O","X","X"],["O","X","X"],["X","O","O"]]}]},{"result":"X","history":[{"player":"X","row":1,"col":1,"boardState":[["","",""],["","X",""],["","",""]]},{"player":"O","row":0,"col":2,"boardState":[["","","O"],["","X",""],["","",""]]},{"player":"X","row":2,"col":1,"boardState":[["","","O"],["","X",""],["","X",""]]},{"player":"O","row":2,"col":2,"boardState":[["","","O"],["","X",""],["","X","O"]]},{"player":"X","row":0,"col":1,"boardState":[["","X","O"],["","X",""],["","X","O"]]}]},{"result":"X","history":[{"player":"X","row":1,"col":2,"boardState":[["","",""],["","","X"],["","",""]]},{"player":"O","row":2,"col":0,"boardState":[["","",""],["","","X"],["O","",""]]},{"player":"X","row":2,"col":2,"boardState":[["","",""],["","","X"],["O","","X"]]},{"player":"O","row":1,"col":0,"boardState":[["","",""],["O","","X"],["O","","X"]]},{"player":"X","row":0,"col":2,"boardState":[["","","X"],["O","","X"],["O","","X"]]}]},{"result":"O","history":[{"player":"X","row":2,"col":2,"boardState":[["","",""],["","",""],["","","X"]]},{"player":"O","row":1,"col":1,"boardState":[["","",""],["","O",""],["","","X"]]},{"player":"X","row":1,"col":2,"boardState":[["","",""],["","O","X"],["","","X"]]},{"player":"O","row":2,"col":0,"boardState":[["","",""],["","O","X"],["O","","X"]]},{"player":"X","row":2,"col":1,"boardState":[["","",""],["","O","X"],["O","X","X"]]},{"player":"O","row":0,"col":0,"boardState":[["O","",""],["","O","X"],["O","X","X"]]},{"player":"X","row":1,"col":0,"boardState":[["O","",""],["X","O","X"],["O","X","X"]]},{"player":"O","row":0,"col":2,"boardState":[["O","","O"],["X","O","X"],["O","X","X"]]}]},{"result":"X","history":[{"player":"X","row":2,"col":0,"boardState":[["","",""],["","",""],["X","",""]]},{"player":"O","row":0,"col":1,"boardState":[["","O",""],["","",""],["X","",""]]},{"player":"X","row":1,"col":1,"boardState":[["","O",""],["","X",""],["X","",""]]},{"player":"O","row":0,"col":2,"boardState":[["","O","O"],["","X",""],["X","",""]]},{"player":"X","row":2,"col":1,"boardState":[["","O","O"],["","X",""],["X","X",""]]},{"player":"O","row":1,"col":2,"boardState":[["","O","O"],["","X","O"],["X","X",""]]},{"player":"X","row":2,"col":2,"boardState":[["","O","O"],["","X","O"],["X","X","X"]]}]},{"result":"X","history":[{"player":"X","row":2,"col":0,"boardState":[["","",""],["","",""],["X","",""]]},{"player":"O","row":2,"col":1,"boardState":[["","",""],["","",""],["X","O",""]]},{"player":"X","row":1,"col":1,"boardState":[["","",""],["","X",""],["X","O",""]]},{"player":"O","row":0,"col":1,"boardState":[["","O",""],["","X",""],["X","O",""]]},{"player":"X","row":0,"col":2,"boardState":[["","O","X"],["","X",""],["X","O",""]]}]},{"result":null,"history":[{"player":"X","row":2,"col":2,"boardState":[["","",""],["","",""],["","","X"]]},{"player":"O","row":0,"col":0,"boardState":[["O","",""],["","",""],["","","X"]]},{"player":"X","row":1,"col":1,"boardState":[["O","",""],["","X",""],["","","X"]]},{"player":"O","row":2,"col":1,"boardState":[["O","",""],["","X",""],["","O","X"]]},{"player":"X","row":2,"col":0,"boardState":[["O","",""],["","X",""],["X","O","X"]]},{"player":"O","row":1,"col":2,"boardState":[["O","",""],["","X","O"],["X","O","X"]]}]},{"result":"X","history":[{"player":"X","row":0,"col":1,"boardState":[["","X",""],["","",""],["","",""]]},{"player":"O","row":1,"col":0,"boardState":[["","X",""],["O","",""],["","",""]]},{"player":"X","row":1,"col":1,"boardState":[["","X",""],["O","X",""],["","",""]]},{"player":"O","row":2,"col":2,"boardState":[["","X",""],["O","X",""],["","","O"]]},{"player":"X","row":2,"col":0,"boardState":[["","X",""],["O","X",""],["X","","O"]]},{"player":"O","row":1,"col":2,"boardState":[["","X",""],["O","X","O"],["X","","O"]]},{"player":"X","row":2,"col":1,"boardState":[["","X",""],["O","X","O"],["X","X","O"]]}]},{"result":"X","history":[{"player":"X","row":0,"col":1,"boardState":[["","X",""],["","",""],["","",""]]},{"player":"O","row":2,"col":2,"boardState":[["","X",""],["","",""],["","","O"]]},{"player":"X","row":1,"col":2,"boardState":[["","X",""],["","","X"],["","","O"]]},{"player":"O","row":1,"col":0,"boardState":[["","X",""],["O","","X"],["","","O"]]},{"player":"X","row":2,"col":0,"boardState":[["","X",""],["O","","X"],["X","","O"]]},{"player":"O","row":2,"col":1,"boardState":[["","X",""],["O","","X"],["X","O","O"]]},{"player":"X","row":1,"col":1,"boardState":[["","X",""],["O","X","X"],["X","O","O"]]},{"player":"O","row":0,"col":0,"boardState":[["O","X",""],["O","X","X"],["X","O","O"]]},{"player":"X","row":0,"col":2,"boardState":[["O","X","X"],["O","X","X"],["X","O","O"]]}]},{"result":"X","history":[{"player":"X","row":2,"col":1,"boardState":[["","",""],["","",""],["","X",""]]},{"player":"O","row":0,"col":1,"boardState":[["","O",""],["","",""],["","X",""]]},{"player":"X","row":1,"col":2,"boardState":[["","O",""],["","","X"],["","X",""]]},{"player":"O","row":1,"col":0,"boardState":[["","O",""],["O","","X"],["","X",""]]},{"player":"X","row":1,"col":1,"boardState":[["","O",""],["O","X","X"],["","X",""]]},{"player":"O","row":2,"col":2,"boardState":[["","O",""],["O","X","X"],["","X","O"]]},{"player":"X","row":0,"col":2,"boardState":[["","O","X"],["O","X","X"],["","X","O"]]},{"player":"O","row":0,"col":0,"boardState":[["O","O","X"],["O","X","X"],["","X","O"]]},{"player":"X","row":2,"col":0,"boardState":[["O","O","X"],["O","X","X"],["X","X","O"]]}]},{"result":"X","history":[{"player":"X","row":1,"col":0,"boardState":[["","",""],["X","",""],["","",""]]},{"player":"O","row":0,"col":1,"boardState":[["","O",""],["X","",""],["","",""]]},{"player":"X","row":2,"col":1,"boardState":[["","O",""],["X","",""],["","X",""]]},{"player":"O","row":1,"col":2,"boardState":[["","O",""],["X","","O"],["","X",""]]},{"player":"X","row":0,"col":0,"boardState":[["X","O",""],["X","","O"],["","X",""]]},{"player":"O","row":1,"col":1,"boardState":[["X","O",""],["X","O","O"],["","X",""]]},{"player":"X","row":0,"col":2,"boardState":[["X","O","X"],["X","O","O"],["","X",""]]},{"player":"O","row":2,"col":2,"boardState":[["X","O","X"],["X","O","O"],["","X","O"]]},{"player":"X","row":2,"col":0,"boardState":[["X","O","X"],["X","O","O"],["X","X","O"]]}]},{"result":"O","history":[{"player":"X","row":0,"col":0,"boardState":[["X","",""],["","",""],["","",""]]},{"player":"O","row":2,"col":1,"boardState":[["X","",""],["","",""],["","O",""]]},{"player":"X","row":1,"col":0,"boardState":[["X","",""],["X","",""],["","O",""]]},{"player":"O","row":1,"col":1,"boardState":[["X","",""],["X","O",""],["","O",""]]},{"player":"X","row":0,"col":2,"boardState":[["X","","X"],["X","O",""],["","O",""]]},{"player":"O","row":0,"col":1,"boardState":[["X","O","X"],["X","O",""],["","O",""]]}]},{"result":"O","history":[{"player":"X","row":1,"col":1,"boardState":[["","",""],["","X",""],["","",""]]},{"player":"O","row":0,"col":2,"boardState":[["","","O"],["","X",""],["","",""]]},{"player":"X","row":2,"col":1,"boardState":[["","","O"],["","X",""],["","X",""]]},{"player":"O","row":2,"col":2,"boardState":[["","","O"],["","X",""],["","X","O"]]},{"player":"X","row":2,"col":0,"boardState":[["","","O"],["","X",""],["X","X","O"]]},{"player":"O","row":0,"col":1,"boardState":[["","O","O"],["","X",""],["X","X","O"]]},{"player":"X","row":1,"col":0,"boardState":[["","O","O"],["X","X",""],["X","X","O"]]},{"player":"O","row":1,"col":2,"boardState":[["","O","O"],["X","X","O"],["X","X","O"]]}]},{"result":"X","history":[{"player":"X","row":1,"col":1,"boardState":[["","",""],["","X",""],["","",""]]},{"player":"O","row":0,"col":2,"boardState":[["","","O"],["","X",""],["","",""]]},{"player":"X","row":1,"col":0,"boardState":[["","","O"],["X","X",""],["","",""]]},{"player":"O","row":1,"col":2,"boardState":[["","","O"],["X","X","O"],["","",""]]},{"player":"X","row":0,"col":1,"boardState":[["","X","O"],["X","X","O"],["","",""]]},{"player":"O","row":2,"col":1,"boardState":[["","X","O"],["X","X","O"],["","O",""]]},{"player":"X","row":2,"col":2,"boardState":[["","X","O"],["X","X","O"],["","O","X"]]},{"player":"O","row":2,"col":0,"boardState":[["","X","O"],["X","X","O"],["O","O","X"]]},{"player":"X","row":0,"col":0,"boardState":[["X","X","O"],["X","X","O"],["O","O","X"]]}]},{"result":"X","history":[{"player":"X","row":2,"col":2,"boardState":[["","",""],["","",""],["","","X"]]},{"player":"O","row":0,"col":2,"boardState":[["","","O"],["","",""],["","","X"]]},{"player":"X","row":0,"col":0,"boardState":[["X","","O"],["","",""],["","","X"]]},{"player":"O","row":0,"col":1,"boardState":[["X","O","O"],["","",""],["","","X"]]},{"player":"X","row":2,"col":1,"boardState":[["X","O","O"],["","",""],["","X","X"]]},{"player":"O","row":1,"col":2,"boardState":[["X","O","O"],["","","O"],["","X","X"]]},{"player":"X","row":1,"col":1,"boardState":[["X","O","O"],["","X","O"],["","X","X"]]}]},{"result":"X","history":[{"player":"X","row":2,"col":0,"boardState":[["","",""],["","",""],["X","",""]]},{"player":"O","row":0,"col":2,"boardState":[["","","O"],["","",""],["X","",""]]},{"player":"X","row":0,"col":0,"boardState":[["X","","O"],["","",""],["X","",""]]},{"player":"O","row":0,"col":1,"boardState":[["X","O","O"],["","",""],["X","",""]]},{"player":"X","row":1,"col":2,"boardState":[["X","O","O"],["","","X"],["X","",""]]},{"player":"O","row":2,"col":2,"boardState":[["X","O","O"],["","","X"],["X","","O"]]},{"player":"X","row":1,"col":0,"boardState":[["X","O","O"],["X","","X"],["X","","O"]]}]},{"result":"O","history":[{"player":"X","row":1,"col":2,"boardState":[["","",""],["","","X"],["","",""]]},{"player":"O","row":0,"col":0,"boardState":[["O","",""],["","","X"],["","",""]]},{"player":"X","row":2,"col":1,"boardState":[["O","",""],["","","X"],["","X",""]]},{"player":"O","row":0,"col":1,"boardState":[["O","O",""],["","","X"],["","X",""]]},{"player":"X","row":1,"col":0,"boardState":[["O","O",""],["X","","X"],["","X",""]]},{"player":"O","row":0,"col":2,"boardState":[["O","O","O"],["X","","X"],["","X",""]]}]},{"result":"X","history":[{"player":"X","row":1,"col":0,"boardState":[["","",""],["X","",""],["","",""]]},{"player":"O","row":0,"col":1,"boardState":[["","O",""],["X","",""],["","",""]]},{"player":"X","row":0,"col":0,"boardState":[["X","O",""],["X","",""],["","",""]]},{"player":"O","row":1,"col":2,"boardState":[["X","O",""],["X","","O"],["","",""]]},{"player":"X","row":1,"col":1,"boardState":[["X","O",""],["X","X","O"],["","",""]]},{"player":"O","row":2,"col":0,"boardState":[["X","O",""],["X","X","O"],["O","",""]]},{"player":"X","row":2,"col":2,"boardState":[["X","O",""],["X","X","O"],["O","","X"]]}]},{"result":"X","history":[{"player":"X","row":2,"col":1,"boardState":[["","",""],["","",""],["","X",""]]},{"player":"O","row":1,"col":1,"boardState":[["","",""],["","O",""],["","X",""]]},{"player":"X","row":2,"col":2,"boardState":[["","",""],["","O",""],["","X","X"]]},{"player":"O","row":0,"col":0,"boardState":[["O","",""],["","O",""],["","X","X"]]},{"player":"X","row":1,"col":2,"boardState":[["O","",""],["","O","X"],["","X","X"]]},{"player":"O","row":0,"col":1,"boardState":[["O","O",""],["","O","X"],["","X","X"]]},{"player":"X","row":1,"col":0,"boardState":[["O","O",""],["X","O","X"],["","X","X"]]},{"player":"O","row":2,"col":0,"boardState":[["O","O",""],["X","O","X"],["O","X","X"]]},{"player":"X","row":0,"col":2,"boardState":[["O","O","X"],["X","O","X"],["O","X","X"]]}]},{"result":"O","history":[{"player":"X","row":2,"col":1,"boardState":[["","",""],["","",""],["","X",""]]},{"player":"O","row":2,"col":0,"boardState":[["","",""],["","",""],["O","X",""]]},{"player":"X","row":1,"col":0,"boardState":[["","",""],["X","",""],["O","X",""]]},{"player":"O","row":1,"col":1,"boardState":[["","",""],["X","O",""],["O","X",""]]},{"player":"X","row":0,"col":1,"boardState":[["","X",""],["X","O",""],["O","X",""]]},{"player":"O","row":0,"col":2,"boardState":[["","X","O"],["X","O",""],["O","X",""]]}]},{"result":"X","history":[{"player":"X","row":0,"col":1,"boardState":[["","X",""],["","",""],["","",""]]},{"player":"O","row":2,"col":0,"boardState":[["","X",""],["","",""],["O","",""]]},{"player":"X","row":0,"col":0,"boardState":[["X","X",""],["","",""],["O","",""]]},{"player":"O","row":1,"col":2,"boardState":[["X","X",""],["","","O"],["O","",""]]},{"player":"X","row":1,"col":0,"boardState":[["X","X",""],["X","","O"],["O","",""]]},{"player":"O","row":0,"col":2,"boardState":[["X","X","O"],["X","","O"],["O","",""]]},{"player":"X","row":1,"col":1,"boardState":[["X","X","O"],["X","X","O"],["O","",""]]},{"player":"O","row":2,"col":1,"boardState":[["X","X","O"],["X","X","O"],["O","O",""]]},{"player":"X","row":2,"col":2,"boardState":[["X","X","O"],["X","X","O"],["O","O","X"]]}]},{"result":"X","history":[{"player":"X","row":2,"col":0,"boardState":[["","",""],["","",""],["X","",""]]},{"player":"O","row":0,"col":1,"boardState":[["","O",""],["","",""],["X","",""]]},{"player":"X","row":1,"col":0,"boardState":[["","O",""],["X","",""],["X","",""]]},{"player":"O","row":2,"col":1,"boardState":[["","O",""],["X","",""],["X","O",""]]},{"player":"X","row":1,"col":1,"boardState":[["","O",""],["X","X",""],["X","O",""]]},{"player":"O","row":2,"col":2,"boardState":[["","O",""],["X","X",""],["X","O","O"]]},{"player":"X","row":1,"col":2,"boardState":[["","O",""],["X","X","X"],["X","O","O"]]}]},{"result":"X","history":[{"player":"X","row":0,"col":2,"boardState":[["","","X"],["","",""],["","",""]]},{"player":"O","row":2,"col":1,"boardState":[["","","X"],["","",""],["","O",""]]},{"player":"X","row":0,"col":1,"boardState":[["","X","X"],["","",""],["","O",""]]},{"player":"O","row":2,"col":2,"boardState":[["","X","X"],["","",""],["","O","O"]]},{"player":"X","row":1,"col":2,"boardState":[["","X","X"],["","","X"],["","O","O"]]},{"player":"O","row":1,"col":0,"boardState":[["","X","X"],["O","","X"],["","O","O"]]},{"player":"X","row":0,"col":0,"boardState":[["X","X","X"],["O","","X"],["","O","O"]]}]},{"result":"X","history":[{"player":"X","row":0,"col":2,"boardState":[["","","X"],["","",""],["","",""]]},{"player":"O","row":0,"col":1,"boardState":[["","O","X"],["","",""],["","",""]]},{"player":"X","row":0,"col":0,"boardState":[["X","O","X"],["","",""],["","",""]]},{"player":"O","row":1,"col":0,"boardState":[["X","O","X"],["O","",""],["","",""]]},{"player":"X","row":1,"col":2,"boardState":[["X","O","X"],["O","","X"],["","",""]]},{"player":"O","row":2,"col":2,"boardState":[["X","O","X"],["O","","X"],["","","O"]]},{"player":"X","row":2,"col":0,"boardState":[["X","O","X"],["O","","X"],["X","","O"]]},{"player":"O","row":2,"col":1,"boardState":[["X","O","X"],["O","","X"],["X","O","O"]]},{"player":"X","row":1,"col":1,"boardState":[["X","O","X"],["O","X","X"],["X","O","O"]]}]},{"result":"X","history":[{"player":"X","row":0,"col":0,"boardState":[["X","",""],["","",""],["","",""]]},{"player":"O","row":2,"col":1,"boardState":[["X","",""],["","",""],["","O",""]]},{"player":"X","row":0,"col":2,"boardState":[["X","","X"],["","",""],["","O",""]]},{"player":"O","row":1,"col":0,"boardState":[["X","","X"],["O","",""],["","O",""]]},{"player":"X","row":1,"col":1,"boardState":[["X","","X"],["O","X",""],["","O",""]]},{"player":"O","row":0,"col":1,"boardState":[["X","O","X"],["O","X",""],["","O",""]]},{"player":"X","row":1,"col":2,"boardState":[["X","O","X"],["O","X","X"],["","O",""]]},{"player":"O","row":2,"col":0,"boardState":[["X","O","X"],["O","X","X"],["O","O",""]]},{"player":"X","row":2,"col":2,"boardState":[["X","O","X"],["O","X","X"],["O","O","X"]]}]},{"result":"X","history":[{"player":"X","row":1,"col":2,"boardState":[["","",""],["","","X"],["","",""]]},{"player":"O","row":1,"col":1,"boardState":[["","",""],["","O","X"],["","",""]]},{"player":"X","row":0,"col":1,"boardState":[["","X",""],["","O","X"],["","",""]]},{"player":"O","row":0,"col":0,"boardState":[["O","X",""],["","O","X"],["","",""]]},{"player":"X","row":0,"col":2,"boardState":[["O","X","X"],["","O","X"],["","",""]]},{"player":"O","row":2,"col":1,"boardState":[["O","X","X"],["","O","X"],["","O",""]]},{"player":"X","row":1,"col":0,"boardState":[["O","X","X"],["X","O","X"],["","O",""]]},{"player":"O","row":2,"col":0,"boardState":[["O","X","X"],["X","O","X"],["O","O",""]]},{"player":"X","row":2,"col":2,"boardState":[["O","X","X"],["X","O","X"],["O","O","X"]]}]},{"result":"Draw","history":[{"player":"X","row":0,"col":1,"boardState":[["","X",""],["","",""],["","",""]]},{"player":"O","row":0,"col":2,"boardState":[["","X","O"],["","",""],["","",""]]},{"player":"X","row":2,"col":1,"boardState":[["","X","O"],["","",""],["","X",""]]},{"player":"O","row":1,"col":0,"boardState":[["","X","O"],["O","",""],["","X",""]]},{"player":"X","row":0,"col":0,"boardState":[["X","X","O"],["O","",""],["","X",""]]},{"player":"O","row":1,"col":1,"boardState":[["X","X","O"],["O","O",""],["","X",""]]},{"player":"X","row":1,"col":2,"boardState":[["X","X","O"],["O","O","X"],["","X",""]]},{"player":"O","row":2,"col":2,"boardState":[["X","X","O"],["O","O","X"],["","X","O"]]},{"player":"X","row":2,"col":0,"boardState":[["X","X","O"],["O","O","X"],["X","X","O"]]}]},{"result":"O","history":[{"player":"X","row":0,"col":1,"boardState":[["","X",""],["","",""],["","",""]]},{"player":"O","row":2,"col":0,"boardState":[["","X",""],["","",""],["O","",""]]},{"player":"X","row":1,"col":1,"boardState":[["","X",""],["","X",""],["O","",""]]},{"player":"O","row":2,"col":2,"boardState":[["","X",""],["","X",""],["O","","O"]]},{"player":"X","row":1,"col":0,"boardState":[["","X",""],["X","X",""],["O","","O"]]},{"player":"O","row":2,"col":1,"boardState":[["","X",""],["X","X",""],["O","O","O"]]}]},{"result":"X","history":[{"player":"X","row":1,"col":0,"boardState":[["","",""],["X","",""],["","",""]]},{"player":"O","row":2,"col":2,"boardState":[["","",""],["X","",""],["","","O"]]},{"player":"X","row":0,"col":0,"boardState":[["X","",""],["X","",""],["","","O"]]},{"player":"O","row":1,"col":1,"boardState":[["X","",""],["X","O",""],["","","O"]]},{"player":"X","row":0,"col":2,"boardState":[["X","","X"],["X","O",""],["","","O"]]},{"player":"O","row":1,"col":2,"boardState":[["X","","X"],["X","O","O"],["","","O"]]},{"player":"X","row":0,"col":1,"boardState":[["X","X","X"],["X","O","O"],["","","O"]]}]},{"result":"O","history":[{"player":"X","row":1,"col":1,"boardState":[["","",""],["","X",""],["","",""]]},{"player":"O","row":0,"col":0,"boardState":[["O","",""],["","X",""],["","",""]]},{"player":"X","row":1,"col":2,"boardState":[["O","",""],["","X","X"],["","",""]]},{"player":"O","row":0,"col":1,"boardState":[["O","O",""],["","X","X"],["","",""]]},{"player":"X","row":2,"col":2,"boardState":[["O","O",""],["","X","X"],["","","X"]]},{"player":"O","row":0,"col":2,"boardState":[["O","O","O"],["","X","X"],["","","X"]]}]},{"result":"X","history":[{"player":"X","row":1,"col":1,"boardState":[["","",""],["","X",""],["","",""]]},{"player":"O","row":2,"col":2,"boardState":[["","",""],["","X",""],["","","O"]]},{"player":"X","row":0,"col":1,"boardState":[["","X",""],["","X",""],["","","O"]]},{"player":"O","row":2,"col":1,"boardState":[["","X",""],["","X",""],["","O","O"]]},{"player":"X","row":2,"col":0,"boardState":[["","X",""],["","X",""],["X","O","O"]]},{"player":"O","row":0,"col":0,"boardState":[["O","X",""],["","X",""],["X","O","O"]]},{"player":"X","row":0,"col":2,"boardState":[["O","X","X"],["","X",""],["X","O","O"]]}]},{"result":"O","history":[{"player":"X","row":1,"col":0,"boardState":[["","",""],["X","",""],["","",""]]},{"player":"O","row":1,"col":2,"boardState":[["","",""],["X","","O"],["","",""]]},{"player":"X","row":0,"col":1,"boardState":[["","X",""],["X","","O"],["","",""]]},{"player":"O","row":2,"col":0,"boardState":[["","X",""],["X","","O"],["O","",""]]},{"player":"X","row":0,"col":2,"boardState":[["","X","X"],["X","","O"],["O","",""]]},{"player":"O","row":2,"col":1,"boardState":[["","X","X"],["X","","O"],["O","O",""]]},{"player":"X","row":1,"col":1,"boardState":[["","X","X"],["X","X","O"],["O","O",""]]},{"player":"O","row":2,"col":2,"boardState":[["","X","X"],["X","X","O"],["O","O","O"]]}]},{"result":"X","history":[{"player":"X","row":1,"col":1,"boardState":[["","",""],["","X",""],["","",""]]},{"player":"O","row":0,"col":0,"boardState":[["O","",""],["","X",""],["","",""]]},{"player":"X","row":2,"col":2,"boardState":[["O","",""],["","X",""],["","","X"]]},{"player":"O","row":0,"col":2,"boardState":[["O","","O"],["","X",""],["","","X"]]},{"player":"X","row":2,"col":1,"boardState":[["O","","O"],["","X",""],["","X","X"]]},{"player":"O","row":2,"col":0,"boardState":[["O","","O"],["","X",""],["O","X","X"]]},{"player":"X","row":0,"col":1,"boardState":[["O","X","O"],["","X",""],["O","X","X"]]}]},{"result":"O","history":[{"player":"X","row":2,"col":1,"boardState":[["","",""],["","",""],["","X",""]]},{"player":"O","row":2,"col":0,"boardState":[["","",""],["","",""],["O","X",""]]},{"player":"X","row":2,"col":2,"boardState":[["","",""],["","",""],["O","X","X"]]},{"player":"O","row":0,"col":2,"boardState":[["","","O"],["","",""],["O","X","X"]]},{"player":"X","row":1,"col":0,"boardState":[["","","O"],["X","",""],["O","X","X"]]},{"player":"O","row":0,"col":0,"boardState":[["O","","O"],["X","",""],["O","X","X"]]},{"player":"X","row":0,"col":1,"boardState":[["O","X","O"],["X","",""],["O","X","X"]]},{"player":"O","row":1,"col":1,"boardState":[["O","X","O"],["X","O",""],["O","X","X"]]}]},{"result":"O","history":[{"player":"X","row":0,"col":2,"boardState":[["","","X"],["","",""],["","",""]]},{"player":"O","row":0,"col":0,"boardState":[["O","","X"],["","",""],["","",""]]},{"player":"X","row":1,"col":2,"boardState":[["O","","X"],["","","X"],["","",""]]},{"player":"O","row":1,"col":1,"boardState":[["O","","X"],["","O","X"],["","",""]]},{"player":"X","row":2,"col":0,"boardState":[["O","","X"],["","O","X"],["X","",""]]},{"player":"O","row":1,"col":0,"boardState":[["O","","X"],["O","O","X"],["X","",""]]},{"player":"X","row":0,"col":1,"boardState":[["O","X","X"],["O","O","X"],["X","",""]]},{"player":"O","row":2,"col":2,"boardState":[["O","X","X"],["O","O","X"],["X","","O"]]}]},{"result":"X","history":[{"player":"X","row":1,"col":2,"boardState":[["","",""],["","","X"],["","",""]]},{"player":"O","row":2,"col":2,"boardState":[["","",""],["","","X"],["","","O"]]},{"player":"X","row":0,"col":2,"boardState":[["","","X"],["","","X"],["","","O"]]},{"player":"O","row":1,"col":0,"boardState":[["","","X"],["O","","X"],["","","O"]]},{"player":"X","row":1,"col":1,"boardState":[["","","X"],["O","X","X"],["","","O"]]},{"player":"O","row":0,"col":0,"boardState":[["O","","X"],["O","X","X"],["","","O"]]},{"player":"X","row":2,"col":0,"boardState":[["O","","X"],["O","X","X"],["X","","O"]]}]},{"result":"X","history":[{"player":"X","row":0,"col":0,"boardState":[["X","",""],["","",""],["","",""]]},{"player":"O","row":0,"col":1,"boardState":[["X","O",""],["","",""],["","",""]]},{"player":"X","row":1,"col":0,"boardState":[["X","O",""],["X","",""],["","",""]]},{"player":"O","row":2,"col":1,"boardState":[["X","O",""],["X","",""],["","O",""]]},{"player":"X","row":1,"col":2,"boardState":[["X","O",""],["X","","X"],["","O",""]]},{"player":"O","row":0,"col":2,"boardState":[["X","O","O"],["X","","X"],["","O",""]]},{"player":"X","row":2,"col":0,"boardState":[["X","O","O"],["X","","X"],["X","O",""]]}]},{"result":"Draw","history":[{"player":"X","row":1,"col":0,"boardState":[["","",""],["X","",""],["","",""]]},{"player":"O","row":0,"col":0,"boardState":[["O","",""],["X","",""],["","",""]]},{"player":"X","row":1,"col":1,"boardState":[["O","",""],["X","X",""],["","",""]]},{"player":"O","row":0,"col":2,"boardState":[["O","","O"],["X","X",""],["","",""]]},{"player":"X","row":2,"col":0,"boardState":[["O","","O"],["X","X",""],["X","",""]]},{"player":"O","row":1,"col":2,"boardState":[["O","","O"],["X","X","O"],["X","",""]]},{"player":"X","row":0,"col":1,"boardState":[["O","X","O"],["X","X","O"],["X","",""]]},{"player":"O","row":2,"col":1,"boardState":[["O","X","O"],["X","X","O"],["X","O",""]]},{"player":"X","row":2,"col":2,"boardState":[["O","X","O"],["X","X","O"],["X","O","X"]]}]},{"result":"X","history":[{"player":"X","row":1,"col":0,"boardState":[["","",""],["X","",""],["","",""]]},{"player":"O","row":0,"col":1,"boardState":[["","O",""],["X","",""],["","",""]]},{"player":"X","row":2,"col":1,"boardState":[["","O",""],["X","",""],["","X",""]]},{"player":"O","row":2,"col":0,"boardState":[["","O",""],["X","",""],["O","X",""]]},{"player":"X","row":2,"col":2,"boardState":[["","O",""],["X","",""],["O","X","X"]]},{"player":"O","row":0,"col":2,"boardState":[["","O","O"],["X","",""],["O","X","X"]]},{"player":"X","row":0,"col":0,"boardState":[["X","O","O"],["X","",""],["O","X","X"]]},{"player":"O","row":1,"col":2,"boardState":[["X","O","O"],["X","","O"],["O","X","X"]]},{"player":"X","row":1,"col":1,"boardState":[["X","O","O"],["X","X","O"],["O","X","X"]]}]},{"result":"O","history":[{"player":"X","row":2,"col":2,"boardState":[["","",""],["","",""],["","","X"]]},{"player":"O","row":1,"col":2,"boardState":[["","",""],["","","O"],["","","X"]]},{"player":"X","row":0,"col":2,"boardState":[["","","X"],["","","O"],["","","X"]]},{"player":"O","row":1,"col":0,"boardState":[["","","X"],["O","","O"],["","","X"]]},{"player":"X","row":0,"col":1,"boardState":[["","X","X"],["O","","O"],["","","X"]]},{"player":"O","row":1,"col":1,"boardState":[["","X","X"],["O","O","O"],["","","X"]]}]},{"result":"Draw","history":[{"player":"X","row":0,"col":1,"boardState":[["","X",""],["","",""],["","",""]]},{"player":"O","row":2,"col":1,"boardState":[["","X",""],["","",""],["","O",""]]},{"player":"X","row":1,"col":0,"boardState":[["","X",""],["X","",""],["","O",""]]},{"player":"O","row":0,"col":2,"boardState":[["","X","O"],["X","",""],["","O",""]]},{"player":"X","row":2,"col":0,"boardState":[["","X","O"],["X","",""],["X","O",""]]},{"player":"O","row":1,"col":1,"boardState":[["","X","O"],["X","O",""],["X","O",""]]},{"player":"X","row":1,"col":2,"boardState":[["","X","O"],["X","O","X"],["X","O",""]]},{"player":"O","row":0,"col":0,"boardState":[["O","X","O"],["X","O","X"],["X","O",""]]},{"player":"X","row":2,"col":2,"boardState":[["O","X","O"],["X","O","X"],["X","O","X"]]}]},{"result":"O","history":[{"player":"X","row":0,"col":1,"boardState":[["","X",""],["","",""],["","",""]]},{"player":"O","row":0,"col":0,"boardState":[["O","X",""],["","",""],["","",""]]},{"player":"X","row":1,"col":0,"boardState":[["O","X",""],["X","",""],["","",""]]},{"player":"O","row":2,"col":2,"boardState":[["O","X",""],["X","",""],["","","O"]]},{"player":"X","row":1,"col":2,"boardState":[["O","X",""],["X","","X"],["","","O"]]},{"player":"O","row":1,"col":1,"boardState":[["O","X",""],["X","O","X"],["","","O"]]}]},{"result":"O","history":[{"player":"X","row":0,"col":2,"boardState":[["","","X"],["","",""],["","",""]]},{"player":"O","row":2,"col":0,"boardState":[["","","X"],["","",""],["O","",""]]},{"player":"X","row":1,"col":2,"boardState":[["","","X"],["","","X"],["O","",""]]},{"player":"O","row":0,"col":0,"boardState":[["O","","X"],["","","X"],["O","",""]]},{"player":"X","row":0,"col":1,"boardState":[["O","X","X"],["","","X"],["O","",""]]},{"player":"O","row":2,"col":2,"boardState":[["O","X","X"],["","","X"],["O","","O"]]},{"player":"X","row":1,"col":1,"boardState":[["O","X","X"],["","X","X"],["O","","O"]]},{"player":"O","row":2,"col":1,"boardState":[["O","X","X"],["","X","X"],["O","O","O"]]}]},{"result":"X","history":[{"player":"X","row":1,"col":0,"boardState":[["","",""],["X","",""],["","",""]]},{"player":"O","row":0,"col":1,"boardState":[["","O",""],["X","",""],["","",""]]},{"player":"X","row":2,"col":0,"boardState":[["","O",""],["X","",""],["X","",""]]},{"player":"O","row":0,"col":2,"boardState":[["","O","O"],["X","",""],["X","",""]]},{"player":"X","row":1,"col":2,"boardState":[["","O","O"],["X","","X"],["X","",""]]},{"player":"O","row":2,"col":1,"boardState":[["","O","O"],["X","","X"],["X","O",""]]},{"player":"X","row":0,"col":0,"boardState":[["X","O","O"],["X","","X"],["X","O",""]]}]},{"result":"X","history":[{"player":"X","row":0,"col":0,"boardState":[["X","",""],["","",""],["","",""]]},{"player":"O","row":2,"col":0,"boardState":[["X","",""],["","",""],["O","",""]]},{"player":"X","row":0,"col":1,"boardState":[["X","X",""],["","",""],["O","",""]]},{"player":"O","row":2,"col":1,"boardState":[["X","X",""],["","",""],["O","O",""]]},{"player":"X","row":0,"col":2,"boardState":[["X","X","X"],["","",""],["O","O",""]]}]},{"result":"X","history":[{"player":"X","row":0,"col":0,"boardState":[["X","",""],["","",""],["","",""]]},{"player":"O","row":0,"col":2,"boardState":[["X","","O"],["","",""],["","",""]]},{"player":"X","row":2,"col":1,"boardState":[["X","","O"],["","",""],["","X",""]]},{"player":"O","row":0,"col":1,"boardState":[["X","O","O"],["","",""],["","X",""]]},{"player":"X","row":2,"col":0,"boardState":[["X","O","O"],["","",""],["X","X",""]]},{"player":"O","row":1,"col":0,"boardState":[["X","O","O"],["O","",""],["X","X",""]]},{"player":"X","row":2,"col":2,"boardState":[["X","O","O"],["O","",""],["X","X","X"]]}]},{"result":"X","history":[{"player":"X","row":0,"col":1,"boardState":[["","X",""],["","",""],["","",""]]},{"player":"O","row":2,"col":2,"boardState":[["","X",""],["","",""],["","","O"]]},{"player":"X","row":1,"col":0,"boardState":[["","X",""],["X","",""],["","","O"]]},{"player":"O","row":2,"col":0,"boardState":[["","X",""],["X","",""],["O","","O"]]},{"player":"X","row":1,"col":2,"boardState":[["","X",""],["X","","X"],["O","","O"]]},{"player":"O","row":0,"col":2,"boardState":[["","X","O"],["X","","X"],["O","","O"]]},{"player":"X","row":2,"col":1,"boardState":[["","X","O"],["X","","X"],["O","X","O"]]},{"player":"O","row":0,"col":0,"boardState":[["O","X","O"],["X","","X"],["O","X","O"]]},{"player":"X","row":1,"col":1,"boardState":[["O","X","O"],["X","X","X"],["O","X","O"]]}]},{"result":"X","history":[{"player":"X","row":1,"col":0,"boardState":[["","",""],["X","",""],["","",""]]},{"player":"O","row":0,"col":2,"boardState":[["","","O"],["X","",""],["","",""]]},{"player":"X","row":2,"col":2,"boardState":[["","","O"],["X","",""],["","","X"]]},{"player":"O","row":0,"col":1,"boardState":[["","O","O"],["X","",""],["","","X"]]},{"player":"X","row":2,"col":0,"boardState":[["","O","O"],["X","",""],["X","","X"]]},{"player":"O","row":1,"col":1,"boardState":[["","O","O"],["X","O",""],["X","","X"]]},{"player":"X","row":0,"col":0,"boardState":[["X","O","O"],["X","O",""],["X","","X"]]}]},{"result":"X","history":[{"player":"X","row":0,"col":0,"boardState":[["X","",""],["","",""],["","",""]]},{"player":"O","row":1,"col":1,"boardState":[["X","",""],["","O",""],["","",""]]},{"player":"X","row":0,"col":1,"boardState":[["X","X",""],["","O",""],["","",""]]},{"player":"O","row":2,"col":1,"boardState":[["X","X",""],["","O",""],["","O",""]]},{"player":"X","row":1,"col":2,"boardState":[["X","X",""],["","O","X"],["","O",""]]},{"player":"O","row":2,"col":2,"boardState":[["X","X",""],["","O","X"],["","O","O"]]},{"player":"X","row":0,"col":2,"boardState":[["X","X","X"],["","O","X"],["","O","O"]]}]},{"result":"O","history":[{"player":"X","row":1,"col":2,"boardState":[["","",""],["","","X"],["","",""]]},{"player":"O","row":0,"col":0,"boardState":[["O","",""],["","","X"],["","",""]]},{"player":"X","row":0,"col":1,"boardState":[["O","X",""],["","","X"],["","",""]]},{"player":"O","row":0,"col":2,"boardState":[["O","X","O"],["","","X"],["","",""]]},{"player":"X","row":2,"col":0,"boardState":[["O","X","O"],["","","X"],["X","",""]]},{"player":"O","row":2,"col":2,"boardState":[["O","X","O"],["","","X"],["X","","O"]]},{"player":"X","row":1,"col":0,"boardState":[["O","X","O"],["X","","X"],["X","","O"]]},{"player":"O","row":1,"col":1,"boardState":[["O","X","O"],["X","O","X"],["X","","O"]]}]},{"result":"O","history":[{"player":"X","row":2,"col":0,"boardState":[["","",""],["","",""],["X","",""]]},{"player":"O","row":1,"col":2,"boardState":[["","",""],["","","O"],["X","",""]]},{"player":"X","row":0,"col":0,"boardState":[["X","",""],["","","O"],["X","",""]]},{"player":"O","row":1,"col":1,"boardState":[["X","",""],["","O","O"],["X","",""]]},{"player":"X","row":2,"col":1,"boardState":[["X","",""],["","O","O"],["X","X",""]]},{"player":"O","row":2,"col":2,"boardState":[["X","",""],["","O","O"],["X","X","O"]]},{"player":"X","row":0,"col":2,"boardState":[["X","","X"],["","O","O"],["X","X","O"]]},{"player":"O","row":1,"col":0,"boardState":[["X","","X"],["O","O","O"],["X","X","O"]]}]},{"result":"Draw","history":[{"player":"X","row":2,"col":1,"boardState":[["","",""],["","",""],["","X",""]]},{"player":"O","row":1,"col":0,"boardState":[["","",""],["O","",""],["","X",""]]},{"player":"X","row":0,"col":0,"boardState":[["X","",""],["O","",""],["","X",""]]},{"player":"O","row":2,"col":2,"boardState":[["X","",""],["O","",""],["","X","O"]]},{"player":"X","row":0,"col":2,"boardState":[["X","","X"],["O","",""],["","X","O"]]},{"player":"O","row":0,"col":1,"boardState":[["X","O","X"],["O","",""],["","X","O"]]},{"player":"X","row":1,"col":2,"boardState":[["X","O","X"],["O","","X"],["","X","O"]]},{"player":"O","row":2,"col":0,"boardState":[["X","O","X"],["O","","X"],["O","X","O"]]},{"player":"X","row":1,"col":1,"boardState":[["X","O","X"],["O","X","X"],["O","X","O"]]}]},{"result":"O","history":[{"player":"X","row":2,"col":2,"boardState":[["","",""],["","",""],["","","X"]]},{"player":"O","row":0,"col":2,"boardState":[["","","O"],["","",""],["","","X"]]},{"player":"X","row":1,"col":0,"boardState":[["","","O"],["X","",""],["","","X"]]},{"player":"O","row":0,"col":1,"boardState":[["","O","O"],["X","",""],["","","X"]]},{"player":"X","row":0,"col":0,"boardState":[["X","O","O"],["X","",""],["","","X"]]},{"player":"O","row":1,"col":1,"boardState":[["X","O","O"],["X","O",""],["","","X"]]},{"player":"X","row":1,"col":2,"boardState":[["X","O","O"],["X","O","X"],["","","X"]]},{"player":"O","row":2,"col":1,"boardState":[["X","O","O"],["X","O","X"],["","O","X"]]}]},{"result":"X","history":[{"player":"X","row":2,"col":1,"boardState":[["","",""],["","",""],["","X",""]]},{"player":"O","row":1,"col":0,"boardState":[["","",""],["O","",""],["","X",""]]},{"player":"X","row":0,"col":2,"boardState":[["","","X"],["O","",""],["","X",""]]},{"player":"O","row":0,"col":1,"boardState":[["","O","X"],["O","",""],["","X",""]]},{"player":"X","row":2,"col":2,"boardState":[["","O","X"],["O","",""],["","X","X"]]},{"player":"O","row":1,"col":1,"boardState":[["","O","X"],["O","O",""],["","X","X"]]},{"player":"X","row":1,"col":2,"boardState":[["","O","X"],["O","O","X"],["","X","X"]]}]},{"result":"X","history":[{"player":"X","row":1,"col":2,"boardState":[["","",""],["","","X"],["","",""]]},{"player":"O","row":0,"col":2,"boardState":[["","","O"],["","","X"],["","",""]]},{"player":"X","row":2,"col":1,"boardState":[["","","O"],["","","X"],["","X",""]]},{"player":"O","row":2,"col":0,"boardState":[["","","O"],["","","X"],["O","X",""]]},{"player":"X","row":1,"col":0,"boardState":[["","","O"],["X","","X"],["O","X",""]]},{"player":"O","row":0,"col":1,"boardState":[["","O","O"],["X","","X"],["O","X",""]]},{"player":"X","row":0,"col":0,"boardState":[["X","O","O"],["X","","X"],["O","X",""]]},{"player":"O","row":2,"col":2,"boardState":[["X","O","O"],["X","","X"],["O","X","O"]]},{"player":"X","row":1,"col":1,"boardState":[["X","O","O"],["X","X","X"],["O","X","O"]]}]},{"result":"X","history":[{"player":"X","row":0,"col":2,"boardState":[["","","X"],["","",""],["","",""]]},{"player":"O","row":2,"col":1,"boardState":[["","","X"],["","",""],["","O",""]]},{"player":"X","row":1,"col":1,"boardState":[["","","X"],["","X",""],["","O",""]]},{"player":"O","row":0,"col":1,"boardState":[["","O","X"],["","X",""],["","O",""]]},{"player":"X","row":2,"col":2,"boardState":[["","O","X"],["","X",""],["","O","X"]]},{"player":"O","row":2,"col":0,"boardState":[["","O","X"],["","X",""],["O","O","X"]]},{"player":"X","row":1,"col":0,"boardState":[["","O","X"],["X","X",""],["O","O","X"]]},{"player":"O","row":0,"col":0,"boardState":[["O","O","X"],["X","X",""],["O","O","X"]]},{"player":"X","row":1,"col":2,"boardState":[["O","O","X"],["X","X","X"],["O","O","X"]]}]},{"result":"O","history":[{"player":"X","row":1,"col":2,"boardState":[["","",""],["","","X"],["","",""]]},{"player":"O","row":2,"col":1,"boardState":[["","",""],["","","X"],["","O",""]]},{"player":"X","row":0,"col":1,"boardState":[["","X",""],["","","X"],["","O",""]]},{"player":"O","row":2,"col":0,"boardState":[["","X",""],["","","X"],["O","O",""]]},{"player":"X","row":0,"col":2,"boardState":[["","X","X"],["","","X"],["O","O",""]]},{"player":"O","row":2,"col":2,"boardState":[["","X","X"],["","","X"],["O","O","O"]]}]},{"result":"X","history":[{"player":"X","row":1,"col":2,"boardState":[["","",""],["","","X"],["","",""]]},{"player":"O","row":0,"col":1,"boardState":[["","O",""],["","","X"],["","",""]]},{"player":"X","row":0,"col":2,"boardState":[["","O","X"],["","","X"],["","",""]]},{"player":"O","row":1,"col":0,"boardState":[["","O","X"],["O","","X"],["","",""]]},{"player":"X","row":2,"col":2,"boardState":[["","O","X"],["O","","X"],["","","X"]]}]},{"result":"O","history":[{"player":"X","row":0,"col":1,"boardState":[["","X",""],["","",""],["","",""]]},{"player":"O","row":0,"col":0,"boardState":[["O","X",""],["","",""],["","",""]]},{"player":"X","row":2,"col":1,"boardState":[["O","X",""],["","",""],["","X",""]]},{"player":"O","row":1,"col":1,"boardState":[["O","X",""],["","O",""],["","X",""]]},{"player":"X","row":2,"col":0,"boardState":[["O","X",""],["","O",""],["X","X",""]]},{"player":"O","row":2,"col":2,"boardState":[["O","X",""],["","O",""],["X","X","O"]]}]},{"result":"X","history":[{"player":"X","row":1,"col":2,"boardState":[["","",""],["","","X"],["","",""]]},{"player":"O","row":2,"col":1,"boardState":[["","",""],["","","X"],["","O",""]]},{"player":"X","row":0,"col":2,"boardState":[["","","X"],["","","X"],["","O",""]]},{"player":"O","row":2,"col":0,"boardState":[["","","X"],["","","X"],["O","O",""]]},{"player":"X","row":2,"col":2,"boardState":[["","","X"],["","","X"],["O","O","X"]]}]},{"result":"X","history":[{"player":"X","row":0,"col":1,"boardState":[["","X",""],["","",""],["","",""]]},{"player":"O","row":2,"col":2,"boardState":[["","X",""],["","",""],["","","O"]]},{"player":"X","row":2,"col":1,"boardState":[["","X",""],["","",""],["","X","O"]]},{"player":"O","row":2,"col":0,"boardState":[["","X",""],["","",""],["O","X","O"]]},{"player":"X","row":1,"col":0,"boardState":[["","X",""],["X","",""],["O","X","O"]]},{"player":"O","row":1,"col":1,"boardState":[["","X",""],["X","O",""],["O","X","O"]]},{"player":"X","row":0,"col":2,"boardState":[["","X","X"],["X","O",""],["O","X","O"]]},{"player":"O","row":1,"col":2,"boardState":[["","X","X"],["X","O","O"],["O","X","O"]]},{"player":"X","row":0,"col":0,"boardState":[["X","X","X"],["X","O","O"],["O","X","O"]]}]},{"result":"X","history":[{"player":"X","row":2,"col":0,"boardState":[["","",""],["","",""],["X","",""]]},{"player":"O","row":0,"col":1,"boardState":[["","O",""],["","",""],["X","",""]]},{"player":"X","row":2,"col":2,"boardState":[["","O",""],["","",""],["X","","X"]]},{"player":"O","row":0,"col":0,"boardState":[["O","O",""],["","",""],["X","","X"]]},{"player":"X","row":2,"col":1,"boardState":[["O","O",""],["","",""],["X","X","X"]]}]},{"result":"X","history":[{"player":"X","row":1,"col":1,"boardState":[["","",""],["","X",""],["","",""]]},{"player":"O","row":0,"col":1,"boardState":[["","O",""],["","X",""],["","",""]]},{"player":"X","row":0,"col":2,"boardState":[["","O","X"],["","X",""],["","",""]]},{"player":"O","row":0,"col":0,"boardState":[["O","O","X"],["","X",""],["","",""]]},{"player":"X","row":2,"col":0,"boardState":[["O","O","X"],["","X",""],["X","",""]]}]},{"result":"X","history":[{"player":"X","row":0,"col":1,"boardState":[["","X",""],["","",""],["","",""]]},{"player":"O","row":1,"col":2,"boardState":[["","X",""],["","","O"],["","",""]]},{"player":"X","row":2,"col":2,"boardState":[["","X",""],["","","O"],["","","X"]]},{"player":"O","row":1,"col":0,"boardState":[["","X",""],["O","","O"],["","","X"]]},{"player":"X","row":2,"col":0,"boardState":[["","X",""],["O","","O"],["X","","X"]]},{"player":"O","row":0,"col":2,"boardState":[["","X","O"],["O","","O"],["X","","X"]]},{"player":"X","row":1,"col":1,"boardState":[["","X","O"],["O","X","O"],["X","","X"]]},{"player":"O","row":2,"col":1,"boardState":[["","X","O"],["O","X","O"],["X","O","X"]]},{"player":"X","row":0,"col":0,"boardState":[["X","X","O"],["O","X","O"],["X","O","X"]]}]},{"result":"X","history":[{"player":"X","row":0,"col":0,"boardState":[["X","",""],["","",""],["","",""]]},{"player":"O","row":2,"col":0,"boardState":[["X","",""],["","",""],["O","",""]]},{"player":"X","row":2,"col":2,"boardState":[["X","",""],["","",""],["O","","X"]]},{"player":"O","row":1,"col":1,"boardState":[["X","",""],["","O",""],["O","","X"]]},{"player":"X","row":0,"col":2,"boardState":[["X","","X"],["","O",""],["O","","X"]]},{"player":"O","row":0,"col":1,"boardState":[["X","O","X"],["","O",""],["O","","X"]]},{"player":"X","row":2,"col":1,"boardState":[["X","O","X"],["","O",""],["O","X","X"]]},{"player":"O","row":1,"col":0,"boardState":[["X","O","X"],["O","O",""],["O","X","X"]]},{"player":"X","row":1,"col":2,"boardState":[["X","O","X"],["O","O","X"],["O","X","X"]]}]},{"result":"X","history":[{"player":"X","row":0,"col":1,"boardState":[["","X",""],["","",""],["","",""]]},{"player":"O","row":2,"col":0,"boardState":[["","X",""],["","",""],["O","",""]]},{"player":"X","row":0,"col":0,"boardState":[["X","X",""],["","",""],["O","",""]]},{"player":"O","row":1,"col":2,"boardState":[["X","X",""],["","","O"],["O","",""]]},{"player":"X","row":0,"col":2,"boardState":[["X","X","X"],["","","O"],["O","",""]]}]},{"result":"X","history":[{"player":"X","row":1,"col":0,"boardState":[["","",""],["X","",""],["","",""]]},{"player":"O","row":2,"col":2,"boardState":[["","",""],["X","",""],["","","O"]]},{"player":"X","row":0,"col":1,"boardState":[["","X",""],["X","",""],["","","O"]]},{"player":"O","row":1,"col":1,"boardState":[["","X",""],["X","O",""],["","","O"]]},{"player":"X","row":0,"col":2,"boardState":[["","X","X"],["X","O",""],["","","O"]]},{"player":"O","row":1,"col":2,"boardState":[["","X","X"],["X","O","O"],["","","O"]]},{"player":"X","row":2,"col":1,"boardState":[["","X","X"],["X","O","O"],["","X","O"]]},{"player":"O","row":2,"col":0,"boardState":[["","X","X"],["X","O","O"],["O","X","O"]]},{"player":"X","row":0,"col":0,"boardState":[["X","X","X"],["X","O","O"],["O","X","O"]]}]},{"result":"O","history":[{"player":"X","row":0,"col":1,"boardState":[["","X",""],["","",""],["","",""]]},{"player":"O","row":2,"col":0,"boardState":[["","X",""],["","",""],["O","",""]]},{"player":"X","row":0,"col":0,"boardState":[["X","X",""],["","",""],["O","",""]]},{"player":"O","row":2,"col":2,"boardState":[["X","X",""],["","",""],["O","","O"]]},{"player":"X","row":1,"col":0,"boardState":[["X","X",""],["X","",""],["O","","O"]]},{"player":"O","row":1,"col":1,"boardState":[["X","X",""],["X","O",""],["O","","O"]]},{"player":"X","row":2,"col":1,"boardState":[["X","X",""],["X","O",""],["O","X","O"]]},{"player":"O","row":0,"col":2,"boardState":[["X","X","O"],["X","O",""],["O","X","O"]]}]},{"result":"X","history":[{"player":"X","row":0,"col":2,"boardState":[["","","X"],["","",""],["","",""]]},{"player":"O","row":2,"col":0,"boardState":[["","","X"],["","",""],["O","",""]]},{"player":"X","row":1,"col":2,"boardState":[["","","X"],["","","X"],["O","",""]]},{"player":"O","row":0,"col":0,"boardState":[["O","","X"],["","","X"],["O","",""]]},{"player":"X","row":1,"col":1,"boardState":[["O","","X"],["","X","X"],["O","",""]]},{"player":"O","row":2,"col":1,"boardState":[["O","","X"],["","X","X"],["O","O",""]]},{"player":"X","row":2,"col":2,"boardState":[["O","","X"],["","X","X"],["O","O","X"]]}]},{"result":"O","history":[{"player":"X","row":1,"col":2,"boardState":[["","",""],["","","X"],["","",""]]},{"player":"O","row":0,"col":2,"boardState":[["","","O"],["","","X"],["","",""]]},{"player":"X","row":2,"col":2,"boardState":[["","","O"],["","","X"],["","","X"]]},{"player":"O","row":0,"col":0,"boardState":[["O","","O"],["","","X"],["","","X"]]},{"player":"X","row":1,"col":1,"boardState":[["O","","O"],["","X","X"],["","","X"]]},{"player":"O","row":2,"col":0,"boardState":[["O","","O"],["","X","X"],["O","","X"]]},{"player":"X","row":2,"col":1,"boardState":[["O","","O"],["","X","X"],["O","X","X"]]},{"player":"O","row":0,"col":1,"boardState":[["O","O","O"],["","X","X"],["O","X","X"]]}]},{"result":"O","history":[{"player":"X","row":0,"col":1,"boardState":[["","X",""],["","",""],["","",""]]},{"player":"O","row":0,"col":2,"boardState":[["","X","O"],["","",""],["","",""]]},{"player":"X","row":0,"col":0,"boardState":[["X","X","O"],["","",""],["","",""]]},{"player":"O","row":1,"col":2,"boardState":[["X","X","O"],["","","O"],["","",""]]},{"player":"X","row":2,"col":0,"boardState":[["X","X","O"],["","","O"],["X","",""]]},{"player":"O","row":1,"col":1,"boardState":[["X","X","O"],["","O","O"],["X","",""]]},{"player":"X","row":2,"col":2,"boardState":[["X","X","O"],["","O","O"],["X","","X"]]},{"player":"O","row":1,"col":0,"boardState":[["X","X","O"],["O","O","O"],["X","","X"]]}]},{"result":"X","history":[{"player":"X","row":1,"col":0,"boardState":[["","",""],["X","",""],["","",""]]},{"player":"O","row":2,"col":1,"boardState":[["","",""],["X","",""],["","O",""]]},{"player":"X","row":1,"col":1,"boardState":[["","",""],["X","X",""],["","O",""]]},{"player":"O","row":2,"col":0,"boardState":[["","",""],["X","X",""],["O","O",""]]},{"player":"X","row":2,"col":2,"boardState":[["","",""],["X","X",""],["O","O","X"]]},{"player":"O","row":0,"col":2,"boardState":[["","","O"],["X","X",""],["O","O","X"]]},{"player":"X","row":1,"col":2,"boardState":[["","","O"],["X","X","X"],["O","O","X"]]}]},{"result":"X","history":[{"player":"X","row":0,"col":2,"boardState":[["","","X"],["","",""],["","",""]]},{"player":"O","row":0,"col":0,"boardState":[["O","","X"],["","",""],["","",""]]},{"player":"X","row":2,"col":0,"boardState":[["O","","X"],["","",""],["X","",""]]},{"player":"O","row":0,"col":1,"boardState":[["O","O","X"],["","",""],["X","",""]]},{"player":"X","row":1,"col":1,"boardState":[["O","O","X"],["","X",""],["X","",""]]}]},{"result":"O","history":[{"player":"X","row":0,"col":1,"boardState":[["","X",""],["","",""],["","",""]]},{"player":"O","row":2,"col":0,"boardState":[["","X",""],["","",""],["O","",""]]},{"player":"X","row":1,"col":2,"boardState":[["","X",""],["","","X"],["O","",""]]},{"player":"O","row":1,"col":0,"boardState":[["","X",""],["O","","X"],["O","",""]]},{"player":"X","row":1,"col":1,"boardState":[["","X",""],["O","X","X"],["O","",""]]},{"player":"O","row":2,"col":2,"boardState":[["","X",""],["O","X","X"],["O","","O"]]},{"player":"X","row":0,"col":0,"boardState":[["X","X",""],["O","X","X"],["O","","O"]]},{"player":"O","row":2,"col":1,"boardState":[["X","X",""],["O","X","X"],["O","O","O"]]}]},{"result":"Draw","history":[{"player":"X","row":2,"col":2,"boardState":[["","",""],["","",""],["","","X"]]},{"player":"O","row":0,"col":2,"boardState":[["","","O"],["","",""],["","","X"]]},{"player":"X","row":0,"col":1,"boardState":[["","X","O"],["","",""],["","","X"]]},{"player":"O","row":1,"col":2,"boardState":[["","X","O"],["","","O"],["","","X"]]},{"player":"X","row":1,"col":0,"boardState":[["","X","O"],["X","","O"],["","","X"]]},{"player":"O","row":0,"col":0,"boardState":[["O","X","O"],["X","","O"],["","","X"]]},{"player":"X","row":1,"col":1,"boardState":[["O","X","O"],["X","X","O"],["","","X"]]},{"player":"O","row":2,"col":1,"boardState":[["O","X","O"],["X","X","O"],["","O","X"]]},{"player":"X","row":2,"col":0,"boardState":[["O","X","O"],["X","X","O"],["X","O","X"]]}]},{"result":"X","history":[{"player":"X","row":1,"col":0,"boardState":[["","",""],["X","",""],["","",""]]},{"player":"O","row":1,"col":1,"boardState":[["","",""],["X","O",""],["","",""]]},{"player":"X","row":0,"col":0,"boardState":[["X","",""],["X","O",""],["","",""]]},{"player":"O","row":0,"col":2,"boardState":[["X","","O"],["X","O",""],["","",""]]},{"player":"X","row":0,"col":1,"boardState":[["X","X","O"],["X","O",""],["","",""]]},{"player":"O","row":2,"col":1,"boardState":[["X","X","O"],["X","O",""],["","O",""]]},{"player":"X","row":1,"col":2,"boardState":[["X","X","O"],["X","O","X"],["","O",""]]},{"player":"O","row":2,"col":2,"boardState":[["X","X","O"],["X","O","X"],["","O","O"]]},{"player":"X","row":2,"col":0,"boardState":[["X","X","O"],["X","O","X"],["X","O","O"]]}]},{"result":"O","history":[{"player":"X","row":2,"col":2,"boardState":[["","",""],["","",""],["","","X"]]},{"player":"O","row":0,"col":1,"boardState":[["","O",""],["","",""],["","","X"]]},{"player":"X","row":2,"col":1,"boardState":[["","O",""],["","",""],["","X","X"]]},{"player":"O","row":1,"col":1,"boardState":[["","O",""],["","O",""],["","X","X"]]},{"player":"X","row":1,"col":2,"boardState":[["","O",""],["","O","X"],["","X","X"]]},{"player":"O","row":0,"col":2,"boardState":[["","O","O"],["","O","X"],["","X","X"]]},{"player":"X","row":0,"col":0,"boardState":[["X","O","O"],["","O","X"],["","X","X"]]},{"player":"O","row":2,"col":0,"boardState":[["X","O","O"],["","O","X"],["O","X","X"]]}]},{"result":"X","history":[{"player":"X","row":0,"col":0,"boardState":[["X","",""],["","",""],["","",""]]},{"player":"O","row":1,"col":2,"boardState":[["X","",""],["","","O"],["","",""]]},{"player":"X","row":1,"col":0,"boardState":[["X","",""],["X","","O"],["","",""]]},{"player":"O","row":2,"col":0,"boardState":[["X","",""],["X","","O"],["O","",""]]},{"player":"X","row":0,"col":1,"boardState":[["X","X",""],["X","","O"],["O","",""]]},{"player":"O","row":1,"col":1,"boardState":[["X","X",""],["X","O","O"],["O","",""]]},{"player":"X","row":2,"col":2,"boardState":[["X","X",""],["X","O","O"],["O","","X"]]},{"player":"O","row":2,"col":1,"boardState":[["X","X",""],["X","O","O"],["O","O","X"]]},{"player":"X","row":0,"col":2,"boardState":[["X","X","X"],["X","O","O"],["O","O","X"]]}]},{"result":"O","history":[{"player":"X","row":1,"col":2,"boardState":[["","",""],["","","X"],["","",""]]},{"player":"O","row":1,"col":1,"boardState":[["","",""],["","O","X"],["","",""]]},{"player":"X","row":1,"col":0,"boardState":[["","",""],["X","O","X"],["","",""]]},{"player":"O","row":2,"col":1,"boardState":[["","",""],["X","O","X"],["","O",""]]},{"player":"X","row":0,"col":1,"boardState":[["","X",""],["X","O","X"],["","O",""]]},{"player":"O","row":0,"col":0,"boardState":[["O","X",""],["X","O","X"],["","O",""]]},{"player":"X","row":2,"col":0,"boardState":[["O","X",""],["X","O","X"],["X","O",""]]},{"player":"O","row":2,"col":2,"boardState":[["O","X",""],["X","O","X"],["X","O","O"]]}]},{"result":"X","history":[{"player":"X","row":2,"col":1,"boardState":[["","",""],["","",""],["","X",""]]},{"player":"O","row":2,"col":0,"boardState":[["","",""],["","",""],["O","X",""]]},{"player":"X","row":1,"col":1,"boardState":[["","",""],["","X",""],["O","X",""]]},{"player":"O","row":0,"col":0,"boardState":[["O","",""],["","X",""],["O","X",""]]},{"player":"X","row":1,"col":2,"boardState":[["O","",""],["","X","X"],["O","X",""]]},{"player":"O","row":2,"col":2,"boardState":[["O","",""],["","X","X"],["O","X","O"]]},{"player":"X","row":1,"col":0,"boardState":[["O","",""],["X","X","X"],["O","X","O"]]}]},{"result":"X","history":[{"player":"X","row":1,"col":0,"boardState":[["","",""],["X","",""],["","",""]]},{"player":"O","row":0,"col":2,"boardState":[["","","O"],["X","",""],["","",""]]},{"player":"X","row":1,"col":1,"boardState":[["","","O"],["X","X",""],["","",""]]},{"player":"O","row":2,"col":1,"boardState":[["","","O"],["X","X",""],["","O",""]]},{"player":"X","row":1,"col":2,"boardState":[["","","O"],["X","X","X"],["","O",""]]}]},{"result":"O","history":[{"player":"X","row":1,"col":2,"boardState":[["","",""],["","","X"],["","",""]]},{"player":"O","row":0,"col":2,"boardState":[["","","O"],["","","X"],["","",""]]},{"player":"X","row":1,"col":1,"boardState":[["","","O"],["","X","X"],["","",""]]},{"player":"O","row":1,"col":0,"boardState":[["","","O"],["O","X","X"],["","",""]]},{"player":"X","row":2,"col":2,"boardState":[["","","O"],["O","X","X"],["","","X"]]},{"player":"O","row":2,"col":0,"boardState":[["","","O"],["O","X","X"],["O","","X"]]},{"player":"X","row":2,"col":1,"boardState":[["","","O"],["O","X","X"],["O","X","X"]]},{"player":"O","row":0,"col":0,"boardState":[["O","","O"],["O","X","X"],["O","X","X"]]}]},{"result":"Draw","history":[{"player":"X","row":2,"col":0,"boardState":[["","",""],["","",""],["X","",""]]},{"player":"O","row":2,"col":1,"boardState":[["","",""],["","",""],["X","O",""]]},{"player":"X","row":1,"col":1,"boardState":[["","",""],["","X",""],["X","O",""]]},{"player":"O","row":2,"col":2,"boardState":[["","",""],["","X",""],["X","O","O"]]},{"player":"X","row":0,"col":1,"boardState":[["","X",""],["","X",""],["X","O","O"]]},{"player":"O","row":0,"col":2,"boardState":[["","X","O"],["","X",""],["X","O","O"]]},{"player":"X","row":0,"col":0,"boardState":[["X","X","O"],["","X",""],["X","O","O"]]},{"player":"O","row":1,"col":0,"boardState":[["X","X","O"],["O","X",""],["X","O","O"]]},{"player":"X","row":1,"col":2,"boardState":[["X","X","O"],["O","X","X"],["X","O","O"]]}]},{"result":"O","history":[{"player":"X","row":0,"col":2,"boardState":[["","","X"],["","",""],["","",""]]},{"player":"O","row":2,"col":1,"boardState":[["","","X"],["","",""],["","O",""]]},{"player":"X","row":1,"col":0,"boardState":[["","","X"],["X","",""],["","O",""]]},{"player":"O","row":0,"col":0,"boardState":[["O","","X"],["X","",""],["","O",""]]},{"player":"X","row":2,"col":0,"boardState":[["O","","X"],["X","",""],["X","O",""]]},{"player":"O","row":0,"col":1,"boardState":[["O","O","X"],["X","",""],["X","O",""]]},{"player":"X","row":1,"col":2,"boardState":[["O","O","X"],["X","","X"],["X","O",""]]},{"player":"O","row":1,"col":1,"boardState":[["O","O","X"],["X","O","X"],["X","O",""]]}]},{"result":"O","history":[{"player":"X","row":1,"col":1,"boardState":[["","",""],["","X",""],["","",""]]},{"player":"O","row":1,"col":2,"boardState":[["","",""],["","X","O"],["","",""]]},{"player":"X","row":2,"col":0,"boardState":[["","",""],["","X","O"],["X","",""]]},{"player":"O","row":2,"col":2,"boardState":[["","",""],["","X","O"],["X","","O"]]},{"player":"X","row":1,"col":0,"boardState":[["","",""],["X","X","O"],["X","","O"]]},{"player":"O","row":0,"col":2,"boardState":[["","","O"],["X","X","O"],["X","","O"]]}]},{"result":"X","history":[{"player":"X","row":1,"col":1,"boardState":[["","",""],["","X",""],["","",""]]},{"player":"O","row":2,"col":0,"boardState":[["","",""],["","X",""],["O","",""]]},{"player":"X","row":2,"col":1,"boardState":[["","",""],["","X",""],["O","X",""]]},{"player":"O","row":1,"col":0,"boardState":[["","",""],["O","X",""],["O","X",""]]},{"player":"X","row":0,"col":0,"boardState":[["X","",""],["O","X",""],["O","X",""]]},{"player":"O","row":1,"col":2,"boardState":[["X","",""],["O","X","O"],["O","X",""]]},{"player":"X","row":0,"col":1,"boardState":[["X","X",""],["O","X","O"],["O","X",""]]}]},{"result":"X","history":[{"player":"X","row":2,"col":2,"boardState":[["","",""],["","",""],["","","X"]]},{"player":"O","row":1,"col":0,"boardState":[["","",""],["O","",""],["","","X"]]},{"player":"X","row":2,"col":0,"boardState":[["","",""],["O","",""],["X","","X"]]},{"player":"O","row":1,"col":1,"boardState":[["","",""],["O","O",""],["X","","X"]]},{"player":"X","row":2,"col":1,"boardState":[["","",""],["O","O",""],["X","X","X"]]}]},{"result":"X","history":[{"player":"X","row":0,"col":2,"boardState":[["","","X"],["","",""],["","",""]]},{"player":"O","row":0,"col":0,"boardState":[["O","","X"],["","",""],["","",""]]},{"player":"X","row":2,"col":0,"boardState":[["O","","X"],["","",""],["X","",""]]},{"player":"O","row":0,"col":1,"boardState":[["O","O","X"],["","",""],["X","",""]]},{"player":"X","row":2,"col":1,"boardState":[["O","O","X"],["","",""],["X","X",""]]},{"player":"O","row":1,"col":0,"boardState":[["O","O","X"],["O","",""],["X","X",""]]},{"player":"X","row":1,"col":2,"boardState":[["O","O","X"],["O","","X"],["X","X",""]]},{"player":"O","row":1,"col":1,"boardState":[["O","O","X"],["O","O","X"],["X","X",""]]},{"player":"X","row":2,"col":2,"boardState":[["O","O","X"],["O","O","X"],["X","X","X"]]}]},{"result":"X","history":[{"player":"X","row":1,"col":1,"boardState":[["","",""],["","X",""],["","",""]]},{"player":"O","row":1,"col":0,"boardState":[["","",""],["O","X",""],["","",""]]},{"player":"X","row":0,"col":0,"boardState":[["X","",""],["O","X",""],["","",""]]},{"player":"O","row":2,"col":0,"boardState":[["X","",""],["O","X",""],["O","",""]]},{"player":"X","row":2,"col":1,"boardState":[["X","",""],["O","X",""],["O","X",""]]},{"player":"O","row":0,"col":2,"boardState":[["X","","O"],["O","X",""],["O","X",""]]},{"player":"X","row":1,"col":2,"boardState":[["X","","O"],["O","X","X"],["O","X",""]]},{"player":"O","row":2,"col":2,"boardState":[["X","","O"],["O","X","X"],["O","X","O"]]},{"player":"X","row":0,"col":1,"boardState":[["X","X","O"],["O","X","X"],["O","X","O"]]}]},{"result":null,"history":[{"player":"X","row":2,"col":2,"boardState":[["","",""],["","",""],["","","X"]]},{"player":"O","row":0,"col":2,"boardState":[["","","O"],["","",""],["","","X"]]},{"player":"X","row":2,"col":1,"boardState":[["","","O"],["","",""],["","X","X"]]},{"player":"O","row":0,"col":1,"boardState":[["","O","O"],["","",""],["","X","X"]]}]}]